序号,链接,节点数
0,http://150.230.195.209:12580/clash/proxies,795
1,http://155.248.172.106:12580/clash/proxies,1180
2,http://172.245.30.41/clash.yaml,29
3,http://66.42.50.118:12580/clash/proxies,250
4,http://weoknow.com/data/dayupdate/1/z.txt,298
5,http://weoknow.com/data/dayupdate/1/z1.txt,0
6,http://weoknow.com/data/dayupdate/2/z.txt,284
7,https://chromego-sub.netlify.app/sub/merged_proxies_new.yaml,6056
8,https://clash-meta.github.io/uploads/2024/12/0-20241227.txt,0
9,https://clash-meta.github.io/uploads/2024/12/1-20241227.txt,0
10,https://clash-meta.github.io/uploads/2024/12/2-20241227.txt,0
11,https://clash-meta.github.io/uploads/2024/12/3-20241227.txt,0
12,https://clash-meta.github.io/uploads/2024/12/4-20241227.txt,0
13,https://clash.221207.xyz/pubclashyaml,201
14,https://clash.huiwg.cn/clash/proxies,0
15,https://clashe.eu.org/clash/proxies,38
16,https://dl.dropboxusercontent.com/scl/fi/o6cj4xvmbsrcpuw9bnmlm/oneclick.txt?rlkey=cfbsjelgb0153l3lzlmwevux8&st=nordn4g5&dl=0,202
17,https://dy.vbar.fun/clash/proxies,1434
18,https://freev2rayclash.github.io/uploads/2024/12/0-20241227.txt,0
19,https://freev2rayclash.github.io/uploads/2024/12/1-20241227.txt,0
20,https://freev2rayclash.github.io/uploads/2024/12/2-20241227.txt,0
21,https://freev2rayclash.github.io/uploads/2024/12/3-20241227.txt,0
22,https://freev2rayclash.github.io/uploads/2024/12/4-20241227.txt,0
23,https://github.com/qjlxg/ss/raw/refs/heads/master/list_raw.txt,44615
24,https://github.com/qjlxg/sulinkcloud/raw/refs/heads/main/site,80
25,https://linuxclash.github.io/uploads/2024/12/0-20241227.txt,0
26,https://linuxclash.github.io/uploads/2024/12/1-20241227.txt,0
27,https://linuxclash.github.io/uploads/2024/12/2-20241227.txt,0
28,https://linuxclash.github.io/uploads/2024/12/3-20241227.txt,0
29,https://linuxclash.github.io/uploads/2024/12/4-20241227.txt,0
30,https://node.vpnkk.org/clash/proxies,1419
31,https://nodedog.githubrowcontent.com/2024/12/20241227.txt,50
32,https://nodefree.org/dy/2024/12/20241227.txt,50
33,https://nodefree.org/dy/2024/12/20241227.yaml,28
34,https://oneclash.cc/wp-content/uploads/2024/12/20241227.txt,35
35,https://pp.dcd.one/clash/proxies,1058
36,https://proxy.crazygeeky.com/clash/proxies,167
37,https://proxypool.link/clash/proxies,796
38,https://shadowmere.xyz/api/b64sub/,1570
39,https://stashnode.github.io/uploads/2024/12/0-20241227.txt,0
40,https://stashnode.github.io/uploads/2024/12/1-20241227.txt,0
41,https://stashnode.github.io/uploads/2024/12/2-20241227.txt,0
42,https://stashnode.github.io/uploads/2024/12/3-20241227.txt,0
43,https://stashnode.github.io/uploads/2024/12/4-20241227.txt,0
44,https://v2rayshare.com/wp-content/uploads/2024/12/20241227.txt,50
45,https://vergeclash.github.io/uploads/2024/12/0-20241227.txt,0
46,https://vergeclash.github.io/uploads/2024/12/1-20241227.txt,0
47,https://vergeclash.github.io/uploads/2024/12/2-20241227.txt,0
48,https://vergeclash.github.io/uploads/2024/12/3-20241227.txt,0
49,https://vergeclash.github.io/uploads/2024/12/4-20241227.txt,0
50,https://www.naidounode.com/node/20241227-v2ray.txt,1
51,https://www.xrayvip.com/free.txt,90

总计,,11804
